trial_index,arm_name,trial_status,generation_method,generation_node,result,int_param,float_param,choice_param,int_param_two
0,0_0,COMPLETED,Sobol,GenerationStep_0,-43423.866870397003367543220520019531,5,-39.275215268135070800781250000000,2,-44
1,1_0,COMPLETED,BoTorch,GenerationStep_1,-221600.519999999989522621035575866699,-100,-100.000000000000000000000000000000,hallo,10
