trial_index,arm_name,trial_status,generation_method,generation_node,result,int_param,float_param,choice_param,int_param_two
0,0_0,COMPLETED,Sobol,GenerationStep_0,-279255.766502689977642148733139038086,-90,-87.517915293574333190917968750000,4,-97
1,1_0,COMPLETED,BoTorch,GenerationStep_1,-1578.869077752139901349437423050404,-4,9.786951825035812291275760799181,1,8
