trial_index,arm_name,trial_status,generation_method,result,int_param,float_param,choice_param,int_param_two
0,0_0,COMPLETED,Sobol,-16988.016965982500551035627722740173,0,-23.895496129989624023437500000000,4,-24
1,1_0,COMPLETED,BoTorch,-330225.320000000006984919309616088867,-100,-100.000000000000000000000000000000,1,-100
