trial_index,arm_name,trial_status,generation_method,generation_node,RESULT,res
0,0_0,COMPLETED,Sobol,GenerationStep_0,2031.439691781997680664062500000000,2031.439691781997680664062500000000
1,1_0,COMPLETED,Sobol,GenerationStep_0,6307.666869834065437316894531250000,6307.666869834065437316894531250000
2,2_0,COMPLETED,BoTorch,GenerationStep_1,7973.368509818356869800481945276260,7973.368509818356869800481945276260
3,3_0,COMPLETED,BoTorch,GenerationStep_1,,10000.000000000000000000000000000000
4,3_0,COMPLETED,BoTorch,GenerationStep_1,,10000.000000000000000000000000000000
