{"RESULT1": {"RESULT2": {"param_dicts": [{"int_param": 8, "float_param": 5.6377275226972525, "choice_param": "hallo", "int_param_two": -93}, {"int_param": -93, "float_param": -67.70205777282652, "choice_param": "1", "int_param_two": -1}], "means": {"RESULT2": [2.386300991455386, 2.3437842019047226], "RESULT1": [1.0164122553786057, 1.8404774308574925]}, "sems": {"RESULT2": [0.0024719243992286193, 0.00247192488520648], "RESULT1": [0.04791111547577037, 0.04791112489504769]}, "absolute_metrics": ["RESULT1", "RESULT2"]}}}