trial_index,arm_name,trial_status,generation_method,generation_node,RESULT1,RESULT2,int_param,float_param,choice_param,int_param_two
0,0_0,COMPLETED,Sobol,GenerationStep_0,1.843244742210119913039534367272,2.343641425340559969470177748008,-93,-67.692081034183502197265625000000,1,-1
1,1_0,COMPLETED,BoTorch,GenerationStep_1,1.013644944018780025274395484303,2.386443768019919975387210797635,8,5.628023104210200244779116474092,hallo,-93
