trial_index,arm_name,trial_status,generation_method,generation_node,RESULT1,RESULT2,RESULT3,RESULT4,int_param,float_param,choice_param,int_param_two
0,0_0,COMPLETED,Sobol,GenerationStep_0,1.782913976422610069505481078522,2.772493893603920067647550240508,3.692121348614939790877542691305,4.230257439051410273123110528104,-98,9.069408178329467773437500000000,hallo,-98
1,1_0,COMPLETED,BoTorch,GenerationStep_1,1.402089478987369908224991377210,2.703055506429759891062758470071,3.944249746195179984198375677806,4.963088432416899564714185544290,-26,-96.581804417073726654052734375000,16,-82
