trial_index,arm_name,trial_status,generation_method,generation_node,result,int_param,float_param,choice_param,int_param_two
0,0_0,COMPLETED,Sobol,GenerationStep_0,-9584.533919030220204149372875690460,-14,-16.951797008514404296875000000000,8,-4
1,1_0,COMPLETED,BoTorch,GenerationStep_1,-283492.376127114985138177871704101562,-92,-88.749589933564735133586509618908,1,-96
