trial_index,arm_name,trial_status,generation_method,generation_node,RESULT1,RESULT2,int_param,float_param,choice_param,int_param_two
0,0_0,COMPLETED,Sobol,GenerationStep_0,1.754392978110449918816016179335,2.714450922419449963030047001666,-21,5.777882337570190429687500000000,2,-12
1,1_0,COMPLETED,Legacy_GPEI,GenerationStep_1,1.166449101482619932212969615648,2.955148656011690189160390218603,-100,-100.000000000000000000000000000000,hallo,-100
