{"VAL_ACCURACY": {"RAM_USAGE": {"param_dicts": [{"lr": 0.12730456563708006, "epochs": 9, "width_and_height": 25}, {"lr": 0.041765058634353154, "epochs": 1, "width_and_height": 20}, {"lr": 0.0412763424030114, "epochs": 1, "width_and_height": 20}], "means": {"VAL_ACCURACY": [0.30243311944296464, 0.2795877685786362, 0.27958281166685883], "RAM_USAGE": [670.7170774385125, 635.7731538834387, 635.7726545031355]}, "sems": {"VAL_ACCURACY": [0.0062376635991060105, 0.006242853484751176, 0.00623761398634139], "RAM_USAGE": [1.4698108431937005, 1.4710429396738762, 1.4697988840053517]}, "absolute_metrics": ["VAL_ACCURACY", "RAM_USAGE"]}}}