trial_index,arm_name,trial_status,generation_method,generation_node,result,int_param,float_param,choice_param,int_param_two
0,0_0,COMPLETED,Sobol,GenerationStep_0,-219280.859034027002053335309028625488,-89,-98.426466165110468864440917968750,4,-44
1,1_0,COMPLETED,BoTorch,GenerationStep_1,-70386.119999999995343387126922607422,8,10.000000000000000000000000000000,1,-79
2,2_0,COMPLETED,BoTorch,GenerationStep_0,-230571.720000000001164153218269348145,-100,-100.000000000000000000000000000000,hallo,-26
3,3_0,COMPLETED,BoTorch,GenerationStep_0,-161535.424794288992416113615036010742,-100,-65.841304896429932114187977276742,hallo,10
