trial_index,arm_name,trial_status,generation_method,generation_node,RESULT,int_param,float_param,choice_param,int_param_two
0,0_0,COMPLETED,Sobol,GenerationStep_0,-69795.547920791606884449720382690430,-25,-64.481672346591949462890625000000,hallo,-30
1,1_0,COMPLETED,Sobol,GenerationStep_0,-88589.924236683800700120627880096436,-58,0.643347194418311119079589843750,2,-65
