trial_index,arm_name,trial_status,generation_method,generation_node,result,int_param,float_param,choice_param,int_param_two
0,0_0,COMPLETED,Sobol,GenerationStep_0,-99282.473372822700184769928455352783,-65,-61.012084782123565673828125000000,hallo,-20
1,1_0,COMPLETED,BoTorch,GenerationStep_1,-109584.193479470995953306555747985840,7,6.813104505295859425473281589802,1,-100
