trial_index,arm_name,trial_status,generation_method,result,int_param,float_param,choice_param,int_param_two
0,0_0,COMPLETED,Sobol,-89712.654716935401665978133678436279,-41,-77.464376986026763916015625000000,2,1
1,1_0,COMPLETED,BoTorch,-220412.519999999989522621035575866699,-100,10.000000000000000000000000000000,hallo,-100
