trial_index,arm_name,trial_status,generation_method,generation_node,result,int_param,float_param,choice_param,int_param_two
0,0_0,COMPLETED,Sobol,GenerationStep_0,-86450.441138271897216327488422393799,-25,-82.337461113929748535156250000000,1,-4
1,1_0,COMPLETED,BoTorch,GenerationStep_1,-166671.760619042004691436886787414551,-82,-4.986193564328837979360287135933,hallo,-90
