trial_index,arm_name,trial_status,generation_method,generation_node,result,int_param,float_param,choice_param,int_param_two
0,0_0,COMPLETED,Sobol,GenerationStep_0,-144525.714819067012285813689231872559,-50,-87.361894100904464721679687500000,4,-49
1,1_0,COMPLETED,BoTorch,GenerationStep_1,-1193.319999999999936335370875895023,10,10.000000000000000000000000000000,1,10
