trial_index,arm_name,trial_status,generation_method,result,int_param,float_param,choice_param,int_param_two
0,0_0,COMPLETED,Sobol,-86749.168010729801608249545097351074,-40,-24.805113673210144042968750000000,hallo,-71
1,1_0,COMPLETED,BoTorch,-221413.320000000006984919309616088867,-100,-100.000000000000000000000000000000,1,10
