trial_index,arm_name,trial_status,generation_method,generation_node,RESULT,int_param,float_param,choice_param,int_param_two
0,0_0,COMPLETED,Sobol,GenerationStep_0,-35708.156512094501522369682788848877,-38,9.224174618721008300781250000000,hallo,-36
1,1_0,COMPLETED,Sobol,GenerationStep_0,-155555.294557304005138576030731201172,-85,-47.209553299471735954284667968750,16,-63
