trial_index,arm_name,trial_status,generation_method,result,int_param,float_param,choice_param,int_param_two
0,0_0,COMPLETED,Sobol,-186012.482269947009626775979995727539,-98,-49.468671977519989013671875000000,8,-66
1,1_0,COMPLETED,BoTorch,-1193.319999999999936335370875895023,10,10.000000000000000000000000000000,1,10
