trial_index,arm_name,trial_status,generation_method,result,int_param,float_param,choice_param,int_param_two
0,0_0,COMPLETED,Sobol,-8269.037402362739157979376614093781,-19,-8.632745146751403808593750000000,1,9
1,1_0,COMPLETED,BoTorch,-330412.520000000018626451492309570312,-100,-100.000000000000000000000000000000,hallo,-100
