trial_index,arm_name,trial_status,generation_method,result,int_param,float_param,choice_param,int_param_two
0,0_0,COMPLETED,Sobol,-94291.778094334702473133802413940430,-72,-51.060376465320587158203125000000,16,-9
1,1_0,COMPLETED,BoTorch,-110192.520000000004074536263942718506,10,10.000000000000000000000000000000,hallo,-100
