trial_index,arm_name,trial_status,generation_method,result,int_param,float_param,choice_param,int_param_two
0,0_0,COMPLETED,Sobol,-214456.274090833001537248492240905762,-99,-88.691490590572357177734375000000,4,-38
1,1_0,COMPLETED,BoTorch,-110005.320000000006984919309616088867,10,10.000000000000000000000000000000,1,-100
