trial_index,arm_name,trial_status,generation_method,generation_node,result,int_param,float_param,choice_param,int_param_two
0,0_0,COMPLETED,Sobol,GenerationStep_0,-25520.067300888698810013011097908020,-19,-37.146348953247070312500000000000,1,-8
1,1_0,COMPLETED,BoTorch,GenerationStep_1,-247465.135098339989781379699707031250,-95,-68.236749721939432333783770445734,hallo,-92
