trial_index,arm_name,trial_status,generation_method,result,int_param,float_param,choice_param,int_param_two
0,0_0,COMPLETED,Sobol,-127955.742627193001681007444858551025,6,-98.658874500542879104614257812500,16,-39
1,1_0,COMPLETED,BoTorch,-220412.519999999989522621035575866699,-100,10.000000000000000000000000000000,hallo,-100
