{"RESULT1": {"RESULT2": {"param_dicts": [{"int_param": -86, "float_param": 8.601319560052001, "choice_param": "16", "int_param_two": -36}, {"int_param": -66, "float_param": -68.67851886703166, "choice_param": "hallo", "int_param_two": -83}], "means": {"RESULT1": [1.345432721647923, 1.8524681716294153], "RESULT2": [2.870408638353629, 2.02204919847548]}, "sems": {"RESULT1": [0.031477461822091886, 0.03144492975901636], "RESULT2": [0.05266732706983393, 0.05261289520947813]}, "absolute_metrics": ["RESULT1", "RESULT2"]}}}