trial_index,arm_name,trial_status,generation_method,generation_node,RESULT1,RESULT2,int_param,float_param,choice_param,int_param_two
0,0_0,COMPLETED,Sobol,GenerationStep_0,1.343769161104320097877007356146,2.873192067581360031880421956885,-86,7.717291712760925292968750000000,16,-37
1,1_0,COMPLETED,Sobol,GenerationStep_1,1.854131703571509914851844769146,2.019265817103100157936523828539,-66,-67.810878455638885498046875000000,hallo,-82
