start_time,end_time,run_time,program_string,res,result,exit_code,signal,hostname
1729761751,1729761751,0,"echo ""RESULT: 5481.485724449158""",5481.485724449158,5481.485724449158,0,None,thinkpad44020211128
1729761755,1729761755,0,"echo ""RESULT: 2038.3698679506779""",2038.3698679506779,2038.3698679506779,0,None,thinkpad44020211128
1729761760,1729761760,0,"echo ""RESULT: 9530.734106557242""",9530.734106557242,9530.734106557242,0,None,thinkpad44020211128
1729761766,1729761766,0,"echo ""RESULT: 10000""",10000,10000,0,None,thinkpad44020211128
