trial_index,arm_name,trial_status,generation_method,generation_node,result,int_param,float_param,choice_param,int_param_two
0,0_0,COMPLETED,Sobol,GenerationStep_0,-70544.540245924101327545940876007080,-18,-16.935405731201171875000000000000,1,-73
1,1_0,COMPLETED,BoTorch,GenerationStep_1,-172216.017128887993749231100082397461,-95,-79.443529727794071959579014219344,hallo,8
