{"RESULT1": {"RESULT2": {"param_dicts": [{"int_param": -47, "float_param": -85.06813878369019, "choice_param": "2", "int_param_two": 6}, {"int_param": -47, "float_param": -85.06781114329873, "choice_param": "2", "int_param_two": 6}], "means": {"RESULT1": [1.1315187899607706, 1.1315187899594523], "RESULT2": [2.6122994299695947, 2.6122994299684064]}, "sems": {"RESULT1": [0.024413813957607645, 0.02441375590657772], "RESULT2": [0.022010883568095795, 0.022010831230740276]}, "absolute_metrics": ["RESULT1", "RESULT2"]}}}