trial_index,arm_name,trial_status,generation_method,result,int_param,float_param,choice_param,int_param_two
0,0_0,COMPLETED,Sobol,-122658.427064250005059875547885894775,-64,-61.144014894962310791015625000000,8,-51
1,1_0,COMPLETED,BoTorch,-1193.319999999999936335370875895023,10,10.000000000000000000000000000000,1,10
