trial_index,arm_name,trial_status,generation_method,generation_node,RESULT,int_param,float_param
0,0_0,COMPLETED,Sobol,GenerationStep_0,-2392.119999999999890860635787248611,-8,-90.502251386642456054687500000000
1,1_0,COMPLETED,BoTorch,GenerationStep_1,-109044.119999999995343387126922607422,-99,7.404128192590327728339616442099
