{"RESULT1": {"RESULT2": {"param_dicts": [{"int_param": 10, "float_param": 10.0, "choice_param": "hallo", "int_param_two": 10}, {"int_param": -63, "float_param": -61.81120018019239, "choice_param": "16", "int_param_two": -89}], "means": {"RESULT1": [1.5134250698382468, 1.851460422589383], "RESULT2": [2.433715179030761, 2.105386119711064]}, "sems": {"RESULT1": [0.01965280160522492, 0.0196566486281717], "RESULT2": [0.01908849418123012, 0.019092230741370998]}, "absolute_metrics": ["RESULT1", "RESULT2"]}}}