trial_index,arm_name,trial_status,generation_method,generation_node,RESULT1,RESULT2,int_param,float_param,choice_param,int_param_two
0,0_0,COMPLETED,Sobol,GenerationStep_0,1.144275195038980008632734097773,2.514204010690689994333979484509,-89,-87.594311758875846862792968750000,hallo,-63
1,1_0,COMPLETED,Uniform,GenerationStep_1,1.277798881129460051297996869835,2.929434032735540149872122128727,-80,-8.066358384521933544419880490750,hallo,-31
