trial_index,arm_name,trial_status,generation_method,generation_node,RESULT,int_param,float_param,choice_param,int_param_two
0,0_0,COMPLETED,Sobol,GenerationStep_0,-147800.426647985994350165128707885742,-49,-39.699336290359497070312500000000,16,-94
1,1_0,COMPLETED,Sobol,GenerationStep_0,-42966.575888703002419788390398025513,-17,-47.709824405610561370849609375000,8,-27
