trial_index,arm_name,trial_status,generation_method,result,int_param,float_param,choice_param,int_param_two
0,0_0,COMPLETED,Sobol,-138398.890273844997864216566085815430,-74,-41.463286876678466796875000000000,4,-69
1,1_0,COMPLETED,BoTorch,-111193.320000000006984919309616088867,10,-100.000000000000000000000000000000,1,10
