trial_index,arm_name,trial_status,generation_method,generation_node,RESULT,int_param,float_param,choice_param,int_param_two
0,0_0,COMPLETED,Sobol,GenerationStep_0,-101929.663540661000297404825687408447,-92,2.535379528999328613281250000000,hallo,-22
1,1_0,COMPLETED,BoTorch,GenerationStep_1,-199153.271479085000464692711830139160,5,-99.656558074057102203369140625000,1,-90
