trial_index,arm_name,trial_status,generation_method,generation_node,result,int_param,float_param,choice_param,int_param_two
0,0_0,COMPLETED,Sobol,GenerationStep_0,-133775.460716647998197004199028015137,-42,-49.184260368347167968750000000000,8,-86
1,1_0,COMPLETED,BoTorch,GenerationStep_1,-111312.520000000004074536263942718506,-100,10.000000000000000000000000000000,1,9
2,2_0,COMPLETED,BoTorch,GenerationStep_0,-189223.535185023996746167540550231934,-10,-82.990121709782869174887309782207,8,-100
3,3_0,COMPLETED,BoTorch,GenerationStep_0,-217875.968697739008348435163497924805,5,-99.093731174235102798775187693536,8,-100
4,4_0,COMPLETED,BoTorch,GenerationStep_0,-2458590.972234719898551702499389648438,10,-479.628564184440222106786677613854,hallo,-100
5,5_0,COMPLETED,BoTorch,GenerationStep_0,-4156157.126233269926160573959350585938,10,-631.098624918594396149273961782455,hallo,-100
