trial_index,arm_name,trial_status,generation_method,generation_node,result,int_param,float_param,choice_param,int_param_two
0,0_0,COMPLETED,Sobol,GenerationStep_0,-74748.325676987995393574237823486328,-50,-51.775527894496917724609375000000,4,-30
1,1_0,COMPLETED,BoTorch,GenerationStep_1,-110005.320000000006984919309616088867,10,10.000000000000000000000000000000,1,-100
