trial_index,arm_name,trial_status,generation_method,generation_node,result,int_param,float_param,choice_param,int_param_two
0,0_0,COMPLETED,Sobol,GenerationStep_0,-219280.859034027002053335309028625488,-89,-98.426466165110468864440917968750,4,-44
1,1_0,COMPLETED,BoTorch,GenerationStep_1,-70386.119999999995343387126922607422,8,10.000000000000000000000000000000,1,-79
