trial_index,arm_name,trial_status,generation_method,generation_node,RESULT,x,y
0,0_0,COMPLETED,Sobol,GenerationStep_0,20421.229869127273559570312500000000,20,421.229869127273559570312500000000
1,1_0,COMPLETED,Sobol,GenerationStep_0,62615.248365327715873718261718750000,62,615.248365327715873718261718750000
2,2_0,COMPLETED,BoTorch,GenerationStep_1,2324.788360498814199672779068350792,2,324.788360498814427046454511582851
3,3_0,COMPLETED,BoTorch,GenerationStep_1,24.358648050205616186758561525494,0,24.358648050205616186758561525494
