trial_index,arm_name,trial_status,generation_method,generation_node,xresultx,iiuu
0,0_0,COMPLETED,Sobol,GenerationStep_0,6090.180873870849609375000000000000,6090.180873870849609375000000000000
1,1_0,COMPLETED,BoTorch,GenerationStep_1,-9997.446909549707925179973244667053,-9997.446909549707925179973244667053
