trial_index,arm_name,trial_status,generation_method,generation_node,result,int_param,float_param,choice_param,int_param_two
0,0_0,COMPLETED,Sobol,GenerationStep_0,-78800.103870043400092981755733489990,-9,-45.407919883728027343750000000000,2,-67
1,1_0,COMPLETED,BoTorch,GenerationStep_1,-111600.520000000004074536263942718506,-100,10.000000000000000000000000000000,hallo,10
2,2_0,COMPLETED,BoTorch,GenerationStep_0,-130179.523748627005261369049549102783,-100,-38.392399966614703998857294209301,hallo,10
3,3_0,COMPLETED,BoTorch,GenerationStep_0,-194072.746751141996355727314949035645,-100,-85.951760154018955972787807695568,hallo,10
