trial_index,arm_name,trial_status,generation_method,generation_node,result,int_param,float_param,choice_param,int_param_two
0,0_0,COMPLETED,Sobol,GenerationStep_0,-110062.939105637997272424399852752686,8,-99.680666364729404449462890625000,1,4
1,1_0,COMPLETED,BoTorch,GenerationStep_1,-204814.044181011995533481240272521973,-94,-17.583897318691015243530273437500,hallo,-96
