trial_index,arm_name,trial_status,generation_method,generation_node,RESULT,int_param,float_param
0,0_0,COMPLETED,Sobol,GenerationStep_0,-688.120000000000004547473508864641,4,-21.091060042381286621093750000000
1,1_0,COMPLETED,BoTorch,GenerationStep_1,-106972.119999999995343387126922607422,-98,-98.505502911649827524342981632799
