{"RESULT1": {"RESULT2": {"param_dicts": [{"int_param": -100, "float_param": -100.0, "choice_param": "hallo", "int_param_two": -100}, {"int_param": -21, "float_param": 5.850079988899668, "choice_param": "2", "int_param_two": -12}], "means": {"RESULT2": [2.9543453212990456, 2.71525409926641], "RESULT1": [1.16841137889227, 1.7524310863137478]}, "sems": {"RESULT2": [0.01390063764586626, 0.013903295419522255], "RESULT1": [0.03395459800612282, 0.03396109005622725]}, "absolute_metrics": ["RESULT1", "RESULT2"]}}}