start_time,end_time,run_time,program_string,x,y,RESULT,exit_code,signal,hostname
1740991252,1740991252,0,"echo ""RESULT: 20421.22986912727356""",20,421.22986912727356,20421.229869127274,0,None,arbeitsrechner
1740991258,1740991258,0,"echo ""RESULT: 62615.2483653277159""",62,615.2483653277159,62615.248365327716,0,None,arbeitsrechner
1740991274,1740991274,0,"echo ""RESULT: 2324.7883604988144""",2,324.7883604988144,2324.788360498814,0,None,arbeitsrechner
1740991289,1740991289,0,"echo ""RESULT: 024.358648050205616""",0,24.358648050205616,24.358648050205616,0,None,arbeitsrechner
