trial_index,arm_name,trial_status,generation_method,generation_node,result,int_param,float_param,choice_param,int_param_two
0,0_0,COMPLETED,Sobol,GenerationStep_0,-70544.540245924101327545940876007080,-18,-16.935405731201171875000000000000,1,-73
1,1_0,COMPLETED,BoTorch,GenerationStep_1,-172216.017128887993749231100082397461,-95,-79.443529727794071959579014219344,hallo,8
2,2_0,COMPLETED,BoTorch,GenerationStep_0,-237663.720000000001164153218269348145,-100,-100.000000000000000000000000000000,hallo,-36
3,3_0,COMPLETED,BoTorch,GenerationStep_0,-292628.520000000018626451492309570312,-100,-100.000000000000000000000000000000,hallo,-80
