trial_index,arm_name,trial_status,generation_method,generation_node,RESULT1,RESULT2,int_param,float_param,choice_param,int_param_two
0,0_0,COMPLETED,Sobol,GenerationStep_0,1.852596293044370012736976605083,2.104282864459920077138121996541,-63,-61.738149523735046386718750000000,16,-89
1,1_0,COMPLETED,BO_MIXED,GenerationStep_1,1.512288983053629909392157060211,2.434818644399880049888906796696,10,10.000000000000000000000000000000,hallo,10
