trial_index,arm_name,trial_status,generation_method,result,int_param,float_param,choice_param,int_param_two
0,0_0,COMPLETED,Sobol,-68086.853826832404593005776405334473,-15,-23.639018535614013671875000000000,8,-70
1,1_0,COMPLETED,BoTorch,-221413.320000000006984919309616088867,-100,-100.000000000000000000000000000000,1,10
2,2_0,COMPLETED,BoTorch,-144101.500477996014524251222610473633,-100,-52.391794254924604956613620743155,1,10
3,3_0,COMPLETED,BoTorch,-221354.119999999995343387126922607422,-100,-100.000000000000000000000000000000,2,10
