{"RESULT1": {"RESULT2": {"param_dicts": [{"int_param": -89, "float_param": -90.06421410256569, "choice_param": "hallo", "int_param_two": -64}, {"int_param": -89, "float_param": -90.05496058628053, "choice_param": "hallo", "int_param_two": -64}], "means": {"RESULT2": [2.514843756816808, 2.5148437556638217], "RESULT1": [1.1444809153780253, 1.1444809150072648]}, "sems": {"RESULT2": [0.03335224388721441, 0.03329708394785171], "RESULT1": [0.010724933908323775, 0.010707196370002224]}, "absolute_metrics": ["RESULT1", "RESULT2"]}}}