trial_index,arm_name,trial_status,generation_method,generation_node,result,int_param,float_param,choice_param,int_param_two
0,0_0,COMPLETED,Sobol,GenerationStep_0,-10344.473889127799338893964886665344,4,3.031399250030517578125000000000,1,-27
1,1_0,COMPLETED,BoTorch,GenerationStep_1,-200313.947485756012611091136932373047,-89,-98.814559424849335300677921622992,hallo,-14
