trial_index,arm_name,trial_status,generation_method,result,int_param,float_param,choice_param,int_param_two
0,0_0,COMPLETED,Sobol,-123153.343112404007115401327610015869,-42,-93.473764583468437194824218750000,16,-11
1,1_0,COMPLETED,BoTorch,-220412.519999999989522621035575866699,-100,10.000000000000000000000000000000,hallo,-100
2,2_0,COMPLETED,BoTorch,-141424.519999999989522621035575866699,-51,10.000000000000000000000000000000,hallo,-100
3,3_0,COMPLETED,BoTorch,-220107.720000000001164153218269348145,-100,10.000000000000000000000000000000,4,-100
