trial_index,arm_name,trial_status,generation_method,result,int_param,float_param,choice_param,int_param_two
0,0_0,COMPLETED,Sobol,-104394.409066548992996104061603546143,-44,-41.621764302253723144531250000000,16,-71
1,1_0,COMPLETED,BoTorch,-221600.519999999989522621035575866699,-100,-100.000000000000000000000000000000,hallo,10
2,2_0,COMPLETED,BoTorch,-144896.519999999989522621035575866699,-53,-100.000000000000000000000000000000,hallo,10
3,3_0,COMPLETED,BoTorch,-157199.552173422998748719692230224609,-100,-62.711913407776727069631306221709,hallo,10
