trial_index,arm_name,trial_status,generation_method,generation_node,result,int_param,float_param,choice_param,int_param_two
0,0_0,COMPLETED,Sobol,GenerationStep_0,-52553.503401177396881394088268280029,-60,-26.234249472618103027343750000000,1,3
1,1_0,COMPLETED,BoTorch,GenerationStep_1,-200410.198319908988196402788162231445,3,-92.366358830916908573271939530969,hallo,-98
