trial_index,arm_name,trial_status,generation_method,result,int_param,float_param,choice_param,int_param_two
0,0_0,COMPLETED,Sobol,-127889.702487931994255632162094116211,-46,-41.003459095954895019531250000000,hallo,-85
1,1_0,COMPLETED,BoTorch,-111193.320000000006984919309616088867,10,-100.000000000000000000000000000000,1,10
2,2_0,COMPLETED,BoTorch,-171494.992433551989961415529251098633,-73,-3.924530427716177882757619954646,hallo,-100
3,3_0,COMPLETED,BoTorch,-206188.519999999989522621035575866699,-93,10.000000000000000000000000000000,hallo,-100
