trial_index,arm_name,trial_status,generation_method,generation_node,RESULT,int_param,float_param,choice_param,int_param_two,fail_or_not
0,0_0,COMPLETED,Sobol,GenerationStep_0,-68329.704515802193782292306423187256,-59,-17.522842884063720703125000000000,hallo,-42,0.000000000000000000000000000000
1,1_0,COMPLETED,BoTorch,GenerationStep_1,-279866.431509836984332650899887084961,-97,-99.340170361101627349853515625000,1,-77,1.000000000000000000000000000000
