trial_index,arm_name,trial_status,generation_method,result,int_param,float_param,choice_param,int_param_two
0,0_0,COMPLETED,Sobol,-199092.544017925014486536383628845215,-99,-42.250422239303588867187500000000,8,-78
1,1_0,COMPLETED,BoTorch,-111193.320000000006984919309616088867,10,-100.000000000000000000000000000000,1,10
