trial_index,arm_name,trial_status,generation_method,generation_node,RESULT1,RESULT2,int_param,float_param,choice_param,int_param_two
0,0_0,COMPLETED,Sobol,GenerationStep_0,1.770602878955289893880831186834,2.021244007253220065223331403104,-70,-9.860759973526000976562500000000,hallo,7
1,1_0,COMPLETED,SAASBO,GenerationStep_1,1.140180940580650004179119605396,2.735837631949349812998661946040,10,-100.000000000000000000000000000000,1,-100
