trial_index,arm_name,trial_status,generation_method,result,int_param,float_param,choice_param,int_param_two
0,0_0,COMPLETED,Sobol,-54796.009101751697016879916191101074,-20,-42.381736040115356445312500000000,hallo,-46
1,1_0,COMPLETED,BoTorch,-221413.320000000006984919309616088867,-100,-100.000000000000000000000000000000,1,10
