trial_index,arm_name,trial_status,generation_method,generation_node,RESULT,int_param,float_param,choice_param,int_param_two
0,0_0,COMPLETED,Sobol,GenerationStep_0,-120293.634318914002506062388420104980,-11,-90.203316286206245422363281250000,hallo,-47
1,1_0,COMPLETED,Legacy_GPEI,GenerationStep_1,-111413.320000000006984919309616088867,-100,10.000000000000000000000000000000,1,10
