trial_index,arm_name,trial_status,generation_method,result,int_param,float_param,choice_param,int_param_two
0,0_0,COMPLETED,Sobol,-149702.079862949001835659146308898926,-97,-10.069040656089782714843750000000,2,-61
1,1_0,COMPLETED,BoTorch,-111380.520000000004074536263942718506,10,-100.000000000000000000000000000000,hallo,10
