{"RESULT1": {"RESULT2": {"param_dicts": [{"int_param": 5, "float_param": -83.01439905480655, "choice_param": "8", "int_param_two": 8}, {"int_param": -85, "float_param": 8.825110038478053, "choice_param": "16", "int_param_two": -66}], "means": {"RESULT2": [2.1930057809214674, 2.096160402566147], "RESULT1": [1.2521187496500146, 1.2920310309669496]}, "sems": {"RESULT2": [0.005634187717210851, 0.0056340214505808395], "RESULT1": [0.002321982617867783, 0.002321914095439143]}, "absolute_metrics": ["RESULT1", "RESULT2"]}}}