trial_index,arm_name,trial_status,generation_method,generation_node,RESULT1,RESULT2,int_param,float_param,choice_param,int_param_two
0,0_0,COMPLETED,Sobol,GenerationStep_0,1.292165150473919998930227848177,2.095834967537910209500751079759,-85,8.698014616966247558593750000000,16,-66
1,1_0,COMPLETED,BoTorch,GenerationStep_1,1.251984630086560024153641279554,2.193331216086760182548687225790,5,-82.884226283058524131774902343750,8,8
