trial_index,arm_name,trial_status,generation_method,generation_node,result,int_param,float_param,choice_param,int_param_two
0,0_0,COMPLETED,Sobol,GenerationStep_0,-77794.014007427496835589408874511719,-66,-10.417827367782592773437500000000,8,-45
1,1_0,COMPLETED,BoTorch,GenerationStep_1,-113276.520000000004074536263942718506,10,-100.000000000000000000000000000000,1,-11
