{"RESULT1": {"RESULT2": {"param_dicts": [{"int_param": -100, "float_param": -100.0, "choice_param": "hallo", "int_param_two": 10}, {"int_param": -2, "float_param": -14.386471868994857, "choice_param": "2", "int_param_two": -71}], "means": {"RESULT1": [1.038922498582989, 1.9490382492487746], "RESULT2": [2.8618621171016216, 2.461929510832309]}, "sems": {"RESULT1": [0.052912429155791856, 0.052927143008323435], "RESULT2": [0.023251334438323713, 0.023257800153686746]}, "absolute_metrics": ["RESULT1", "RESULT2"]}}}