trial_index,arm_name,trial_status,generation_method,generation_node,result,int_param,float_param,choice_param,int_param_two
0,0_0,COMPLETED,Sobol,GenerationStep_0,-27613.860488819900638191029429435730,6,-35.904939174652099609375000000000,2,-28
1,1_0,COMPLETED,BoTorch,GenerationStep_1,-330412.520000000018626451492309570312,-100,-100.000000000000000000000000000000,hallo,-100
