trial_index,arm_name,trial_status,generation_method,generation_node,RESULT,x
0,0_0,COMPLETED,Sobol,GenerationStep_0,1.000000000000000000000000000000,1.000000000000000000000000000000
1,1_0,COMPLETED,Sobol,GenerationStep_0,0.000000000000000000000000000000,0.000000000000000000000000000000
