trial_index,arm_name,trial_status,generation_method,generation_node,result,int_param,float_param,choice_param,int_param_two
0,0_0,COMPLETED,Sobol,GenerationStep_0,-93941.564103089200216345489025115967,-88,-7.796265482902526855468750000000,hallo,-18
1,1_0,COMPLETED,BoTorch,GenerationStep_1,-158813.116996349999681115150451660156,-2,-86.191774298096547113345877733082,1,-82
