trial_index,arm_name,trial_status,generation_method,generation_node,RESULT,int_param,float_param,choice_param,int_param_two
0,0_0,COMPLETED,Sobol,GenerationStep_0,-122687.741478430994902737438678741455,-44,-90.757830739021301269531250000000,8,-21
1,1_0,COMPLETED,BoTorch,GenerationStep_1,-86638.919999999998253770172595977783,-2,10.000000000000000000000000000000,1,-88
2,2_0,COMPLETED,BoTorch,GenerationStep_0,-194403.720000000001164153218269348145,-85,-100.000000000000000000000000000000,hallo,-11
3,3_0,COMPLETED,BoTorch,GenerationStep_0,-221600.519999999989522621035575866699,-100,-100.000000000000000000000000000000,hallo,10
