trial_index,arm_name,trial_status,generation_method,generation_node,RESULT,int_param,float_param
0,0_0,COMPLETED,Sobol,GenerationStep_0,-73096.119999999995343387126922607422,-80,-17.728868126869201660156250000000
1,1_0,COMPLETED,BoTorch,GenerationStep_1,-916.120000000000004547473508864641,10,-100.000000000000000000000000000000
