trial_index,arm_name,trial_status,generation_method,result,int_param,float_param,choice_param,int_param_two
0,0_0,COMPLETED,Sobol,-73035.857081788693903945386409759521,-59,-49.272402822971343994140625000000,8,-10
1,1_0,COMPLETED,BoTorch,-110005.320000000006984919309616088867,10,10.000000000000000000000000000000,1,-100
2,2_0,COMPLETED,BoTorch,-127853.556200890001491643488407135010,10,-37.542021814777157828757481183857,1,-100
3,3_0,COMPLETED,BoTorch,-197139.413052982010412961244583129883,10,-88.479459269393558429328550118953,1,-100
