trial_index,arm_name,trial_status,generation_method,generation_node,RESULT,x,y
0,0_0,COMPLETED,Sobol,GenerationStep_0,20421.229869127273559570312500000000,20,421.229869127273559570312500000000
1,1_0,COMPLETED,Sobol,GenerationStep_0,62615.248365327715873718261718750000,62,615.248365327715873718261718750000
2,2_0,COMPLETED,BoTorch,GenerationStep_1,2325.449264961628159653628244996071,2,325.449264961628273340465966612101
3,3_0,COMPLETED,BoTorch,GenerationStep_1,23.944271847648614937043021200225,0,23.944271847648614937043021200225
