trial_index,arm_name,trial_status,generation_method,generation_node,result,int_param,float_param,choice_param,int_param_two
0,0_0,COMPLETED,Sobol,GenerationStep_0,-47957.856700074502441566437482833862,-38,-39.981036782264709472656250000000,16,-23
1,1_0,COMPLETED,BoTorch,GenerationStep_1,-330412.520000000018626451492309570312,-100,-100.000000000000000000000000000000,hallo,-100
