trial_index,arm_name,trial_status,generation_method,generation_node,result,int_param,float_param,choice_param,int_param_two
0,0_0,COMPLETED,Sobol,GenerationStep_0,-134060.971991217986214905977249145508,-57,-38.130559921264648437500000000000,8,-83
1,1_0,COMPLETED,BoTorch,GenerationStep_1,-110950.919999999998253770172595977783,10,-100.000000000000000000000000000000,1,7
