trial_index,arm_name,trial_status,generation_method,result,int_param,float_param,choice_param,int_param_two
0,0_0,COMPLETED,Sobol,-159518.743034916988108307123184204102,-10,-96.426339298486709594726562500000,8,-69
1,1_0,COMPLETED,BoTorch,-111413.320000000006984919309616088867,-100,10.000000000000000000000000000000,1,10
2,2_0,COMPLETED,BoTorch,-242136.519999999989522621035575866699,-42,-100.000000000000000000000000000000,hallo,-100
3,3_0,COMPLETED,BoTorch,-269092.520000000018626451492309570312,-65,-100.000000000000000000000000000000,hallo,-100
