trial_index,arm_name,trial_status,generation_method,generation_node,RESULT,int_param,float_param,choice_param,int_param_two
0,0_0,COMPLETED,Sobol,GenerationStep_0,-94152.676188694706070236861705780029,-40,-80.457683205604553222656250000000,hallo,0
1,1_0,COMPLETED,BoTorch,GenerationStep_1,-151865.752278041996760293841361999512,-63,8.359051622732570407947605417576,1,-98
2,2_0,COMPLETED,BoTorch,GenerationStep_0,-113413.320000000006984919309616088867,-14,10.000000000000000000000000000000,1,-100
3,3_0,COMPLETED,BoTorch,GenerationStep_0,-184884.995780600002035498619079589844,-84,8.465195241255345948161448177416,1,-98
4,4_0,COMPLETED,BoTorch,GenerationStep_0,-218126.404066510003758594393730163574,-100,9.798792207525307773607892158907,1,-99
5,5_0,COMPLETED,BoTorch,GenerationStep_0,-3765631.202631330117583274841308593750,-100,600.454102566379901873006019741297,1,-100
