trial_index,arm_name,trial_status,generation_method,generation_node,RESULT,int_param,float_param,choice_param,int_param_two
0,0_0,COMPLETED,Sobol,GenerationStep_0,-199310.528760876011801883578300476074,-84,-39.035450220108032226562500000000,16,-95
1,1_0,COMPLETED,BoTorch,GenerationStep_1,-24587.644628130299679469317197799683,10,-43.432555815412349886628362582996,hallo,10
