trial_index,arm_name,trial_status,generation_method,generation_node,RESULT,int_param,float_param,choice_param,int_param_two
0,0_0,COMPLETED,Sobol,GenerationStep_0,-29778.793555860400374513119459152222,-10,-11.604437828063964843750000000000,4,-45
1,1_0,COMPLETED,BO_MIXED,GenerationStep_1,-221413.320000000006984919309616088867,-100,-100.000000000000000000000000000000,1,10
