trial_index,arm_name,trial_status,generation_method,result,int_param,float_param,choice_param,int_param_two
0,0_0,COMPLETED,Sobol,-75494.714234632905572652816772460938,-12,-42.587597370147705078125000000000,4,-66
1,1_0,COMPLETED,BoTorch,-221413.320000000006984919309616088867,-100,-100.000000000000000000000000000000,1,10
2,2_0,COMPLETED,BoTorch,-144498.381216398993274196982383728027,-100,-52.736523290200906899372057523578,1,10
3,3_0,COMPLETED,BoTorch,-221354.119999999995343387126922607422,-100,-100.000000000000000000000000000000,2,10
