{"RESULT1": {"RESULT2": {"param_dicts": [{"int_param": -89, "float_param": -17.918547693673382, "choice_param": "hallo", "int_param_two": -20}, {"int_param": -56, "float_param": -8.378683692887277, "choice_param": "16", "int_param_two": 2}], "means": {"RESULT1": [1.0915357186708203, 1.65440429979461], "RESULT2": [2.5764930196119673, 2.468667807453629]}, "sems": {"RESULT1": [0.03520797202950153, 0.03520725008503671], "RESULT2": [0.006744570901730324, 0.006744432603346479]}, "absolute_metrics": ["RESULT1", "RESULT2"]}}}