trial_index,arm_name,trial_status,generation_method,generation_node,result,int_param,float_param,choice_param,int_param_two
0,0_0,COMPLETED,Sobol,GenerationStep_0,-59565.337176728200574871152639389038,-68,-14.506965875625610351562500000000,16,-4
1,1_0,COMPLETED,BoTorch,GenerationStep_1,-200777.466448112012585625052452087402,10,-96.493914324018660977344552520663,hallo,-94
