trial_index,arm_name,trial_status,generation_method,result,int_param,float_param,choice_param,int_param_two
0,0_0,COMPLETED,Sobol,-64756.012397581398545298725366592407,-51,-42.078543305397033691406250000000,hallo,-28
1,1_0,COMPLETED,BoTorch,-220005.320000000006984919309616088867,10,-100.000000000000000000000000000000,1,-100
