trial_index,arm_name,trial_status,generation_method,generation_node,RESULT,int_param,float_param,choice_param,int_param_two,fail_or_not
0,0_0,COMPLETED,Sobol,GenerationStep_0,-126015.404912679994595237076282501221,-40,-68.770512342453002929687500000000,16,-66,1.000000000000000000000000000000
1,1_0,COMPLETED,BoTorch,GenerationStep_1,-2050.742833336690182477468624711037,-7,4.680182343093504115927316888701,hallo,4,0.000000000000000000000000000000
