trial_index,arm_name,trial_status,generation_method,generation_node,RESULT1,RESULT2,RESULT3,RESULT4,int_param,float_param,choice_param,int_param_two
0,0_0,COMPLETED,Sobol,GenerationStep_0,1.098734494838029984720151333022,2.634469739950390021476778201759,3.093060738212570104366250234307,4.474989514887919739294375176542,-46,-1.530588269233703613281250000000,16,-33
1,1_0,COMPLETED,BoTorch,GenerationStep_1,1.054950746548459994400559480709,2.386843741961880205337820370914,3.461617640257950156978949962649,4.496529094266359827258838777198,-94,-56.427957359701395034790039062500,hallo,-92
