trial_index,arm_name,trial_status,generation_method,generation_node,result,int_param,float_param,choice_param,int_param_two
0,0_0,COMPLETED,Sobol,GenerationStep_0,-133775.460716647998197004199028015137,-42,-49.184260368347167968750000000000,8,-86
1,1_0,COMPLETED,BoTorch,GenerationStep_1,-111312.520000000004074536263942718506,-100,10.000000000000000000000000000000,1,9
