{"RESULT1": {"RESULT2": {"param_dicts": [{"int_param": -54, "float_param": -33.47624708855642, "choice_param": "4", "int_param_two": -85}, {"int_param": -64, "float_param": -5.037669208160463, "choice_param": "2", "int_param_two": -100}], "means": {"RESULT2": [2.678519451289929, 2.1252547602876604], "RESULT1": [1.3191735193402805, 1.3872037547996285]}, "sems": {"RESULT2": [0.06711996572545828, 0.06468721746942094], "RESULT1": [0.008253166672877751, 0.007954032307801926]}, "absolute_metrics": ["RESULT1", "RESULT2"]}}}