trial_index,arm_name,trial_status,generation_method,generation_node,RESULT1,RESULT2,int_param,float_param,choice_param,int_param_two
0,0_0,COMPLETED,Sobol,GenerationStep_0,1.319317147675070023282728470804,2.677351381487340198361835064134,-56,-28.069489002227783203125000000000,4,-88
1,1_0,COMPLETED,Uniform,GenerationStep_1,1.387070753918129950577053932648,2.126336400953249938794442641665,-62,-10.503218884244958530871372204274,2,-98
