trial_index,arm_name,trial_status,generation_method,generation_node,RESULT,int_param,float_param,choice_param,int_param_two
0,0_0,COMPLETED,Sobol,GenerationStep_0,-93050.862871459205052815377712249756,-7,-56.013722121715545654296875000000,1,-69
1,1_0,COMPLETED,Sobol,GenerationStep_1,-83337.920740026194835081696510314941,-17,-54.434838891029357910156250000000,4,-61
