trial_index,arm_name,trial_status,generation_method,generation_node,RESULT1,RESULT2,int_param,float_param,choice_param,int_param_two
0,0_0,COMPLETED,Sobol,GenerationStep_0,1.177935428525419991885314630053,2.698669290959029964938054035883,-34,-41.662513017654418945312500000000,1,-21
1,1_0,COMPLETED,BoTorch,GenerationStep_1,1.183659479095700017836634287960,2.844312404605689792447265062947,8,-93.945345627143979072570800781250,hallo,-89
