trial_index,arm_name,trial_status,generation_method,generation_node,result,int_param,float_param,choice_param,int_param_two
0,0_0,COMPLETED,Sobol,GenerationStep_0,-52479.820582287400611676275730133057,-49,-28.266951441764831542968750000000,16,-28
1,1_0,COMPLETED,BoTorch,GenerationStep_1,-220192.519999999989522621035575866699,10,-100.000000000000000000000000000000,hallo,-100
