trial_index,arm_name,trial_status,generation_method,result,int_param,float_param,choice_param,int_param_two
0,0_0,COMPLETED,Sobol,-158822.326103600993519648909568786621,-72,9.202452898025512695312500000000,4,-95
1,1_0,COMPLETED,BoTorch,-111193.320000000006984919309616088867,10,-100.000000000000000000000000000000,1,10
