trial_index,arm_name,trial_status,generation_method,generation_node,result,int_param,float_param,choice_param,int_param_two
0,0_0,COMPLETED,Sobol,GenerationStep_0,-49387.396865497401449829339981079102,-44,-32.628814578056335449218750000000,hallo,-28
1,1_0,COMPLETED,BoTorch,GenerationStep_1,-262451.771065916982479393482208251953,-61,-99.520070352978962091583525761962,1,-100
2,2_0,COMPLETED,BoTorch,GenerationStep_0,-222689.320000000006984919309616088867,-12,-100.000000000000000000000000000000,1,-100
3,3_0,COMPLETED,BoTorch,GenerationStep_0,-273461.887178148026578128337860107422,-100,-68.134511127201761837568483315408,1,-100
