trial_index,arm_name,trial_status,generation_method,generation_node,result,int_param,float_param,choice_param,int_param_two
0,0_0,COMPLETED,Sobol,GenerationStep_0,-147579.746321502985665574669837951660,-99,-23.185858726501464843750000000000,16,-50
1,1_0,COMPLETED,BoTorch,GenerationStep_1,-113164.520000000004074536263942718506,10,-100.000000000000000000000000000000,hallo,-10
