trial_index,arm_name,trial_status,generation_method,generation_node,RESULT1,RESULT2,RESULT3,RESULT4,int_param,float_param,choice_param,int_param_two
0,0_0,COMPLETED,Sobol,GenerationStep_0,1.825344275989670084214822054491,2.525405269672289954030475200852,3.272287663576329830306121948524,4.861633255003599884958020993508,-34,-28.032608628273010253906250000000,1,-75
1,1_0,COMPLETED,BoTorch,GenerationStep_1,1.346657392409730036320070212241,2.729063171052500180735478352290,3.512172610537290129428811269463,4.616776370766220161101500707446,8,-92.639449490234255790710449218750,hallo,-21
