trial_index,arm_name,trial_status,generation_method,result,int_param,float_param,choice_param,int_param_two
0,0_0,COMPLETED,Sobol,-121546.648570892997668124735355377197,-61,-47.737205624580383300781250000000,1,-66
1,1_0,COMPLETED,BoTorch,-1380.519999999999981810105964541435,10,10.000000000000000000000000000000,hallo,10
