trial_index,arm_name,trial_status,generation_method,generation_node,result,int_param,float_param,choice_param,int_param_two
0,0_0,COMPLETED,Sobol,GenerationStep_0,-114922.853484912004205398261547088623,-78,-59.017758071422576904296875000000,4,-17
1,1_0,COMPLETED,BoTorch,GenerationStep_1,-110005.320000000006984919309616088867,10,10.000000000000000000000000000000,1,-100
2,2_0,COMPLETED,BoTorch,GenerationStep_0,-191346.567945702990982681512832641602,-100,-84.541972250840657920889498200268,8,10
3,3_0,COMPLETED,BoTorch,GenerationStep_0,-221600.519999999989522621035575866699,-100,-100.000000000000000000000000000000,hallo,10
