start_time,end_time,run_time,program_string,x,y,RESULT,exit_code,signal,hostname
1740987046,1740987052,6,"echo ""RESULT: 224559534056.8597802269833""",22455953,4056.8597802269833,224559534056.85977,0,None,arbeitsrechner
1740987081,1740987081,0,"echo ""RESULT: 977696521234""",97769652,1234,977696521234,0,None,arbeitsrechner
