trial_index,arm_name,trial_status,generation_method,generation_node,RESULT,x,y
0,0_0,COMPLETED,Sobol,GenerationStep_0,224559534056.859771728515625000000000000000,22455953,4056.859780226983275497332215309143
1,1_0,COMPLETED,BoTorch,GenerationStep_1,977696521234.000000000000000000000000000000,97769652,1234.000000000000000000000000000000
