trial_index,arm_name,trial_status,generation_method,generation_node,result,int_param,float_param,choice_param,int_param_two
0,0_0,COMPLETED,Sobol,GenerationStep_0,-100235.612744162994204089045524597168,-33,-79.053014665842056274414062500000,4,-34
1,1_0,COMPLETED,BoTorch,GenerationStep_1,-220225.320000000006984919309616088867,-100,10.000000000000000000000000000000,1,-100
