{"RESULT1": {"RESULT2": {"param_dicts": [{"int_param": -83, "float_param": -55.291126482813816, "choice_param": "hallo", "int_param_two": -85}, {"int_param": 2, "float_param": -96.30253230350196, "choice_param": "2", "int_param_two": 10}], "means": {"RESULT1": [1.0096602771415792, 1.8440708525454208], "RESULT2": [2.667949838992993, 2.5397996124500253]}, "sems": {"RESULT1": [0.048546212681948815, 0.04854772963757139], "RESULT2": [0.007455811726719623, 0.007456044703400911]}, "absolute_metrics": ["RESULT1", "RESULT2"]}}}