trial_index,arm_name,trial_status,generation_method,generation_node,RESULT1,RESULT2,int_param,float_param,choice_param,int_param_two
0,0_0,COMPLETED,Sobol,GenerationStep_0,1.846880141952170095720475728740,2.539368156899830086814517926541,2,-96.165141426026821136474609375000,2,10
1,1_0,COMPLETED,BoTorch,GenerationStep_1,1.006850986116659907310122434865,2.668381294791709823499559206539,-83,-55.425403937697410583496093750000,hallo,-85
