trial_index,arm_name,trial_status,generation_method,generation_node,result,int_param,float_param,choice_param,int_param_two
0,0_0,COMPLETED,Sobol,GenerationStep_0,-168349.236085768992779776453971862793,-74,-20.650567412376403808593750000000,4,-95
1,1_0,COMPLETED,BoTorch,GenerationStep_1,-103728.273247042001457884907722473145,8,-96.509483915071697879284329246730,1,9
