{"RESULT1": {"RESULT2": {"param_dicts": [{"int_param": 10, "float_param": -100.0, "choice_param": "1", "int_param_two": 10}, {"int_param": -96, "float_param": -4.987209151851504, "choice_param": "hallo", "int_param_two": -50}], "means": {"RESULT1": [1.0537812440323322, 1.5322129578644528], "RESULT2": [2.6981705657238466, 2.0552409179352704]}, "sems": {"RESULT1": [0.02781590358187548, 0.027816088036263075], "RESULT2": [0.03737977348861849, 0.03738002136347925]}, "absolute_metrics": ["RESULT1", "RESULT2"]}}}