trial_index,arm_name,trial_status,generation_method,result,int_param,float_param,choice_param,int_param_two
0,0_0,COMPLETED,Sobol,-150285.289775765995727851986885070801,-34,-51.979618966579437255859375000000,16,-96
1,1_0,COMPLETED,BoTorch,-111600.520000000004074536263942718506,-100,10.000000000000000000000000000000,hallo,10
