trial_index,arm_name,trial_status,generation_method,generation_node,RESULT1,RESULT2,RESULT3,RESULT4,int_param,float_param,choice_param,int_param_two
0,0_0,COMPLETED,Sobol,GenerationStep_0,1.726167542467919924220609573240,2.972701926573309894052954405197,3.426742046876949832068248724681,4.346188739963460001547446154291,-49,-45.002242326736450195312500000000,1,-97
1,1_0,COMPLETED,BoTorch,GenerationStep_1,1.897430626050669921767166670179,2.040732064840510062708744953852,3.294519951139720070898420090089,4.627464253312560060749092372134,6,-93.908384200346077363974472973496,hallo,8
