trial_index,arm_name,trial_status,generation_method,generation_node,result,int_param,float_param,choice_param,int_param_two
0,0_0,COMPLETED,Sobol,GenerationStep_0,-136308.666281212994363158941268920898,-41,-56.628358960151672363281250000000,hallo,-83
1,1_0,COMPLETED,BoTorch,GenerationStep_1,-33318.802864619799947831779718399048,-52,6.071581290422731314038173877634,1,10
