trial_index,arm_name,trial_status,generation_method,result,int_param,float_param,choice_param,int_param_two
0,0_0,COMPLETED,Sobol,-123270.744837710997671820223331451416,-69,-71.280157864093780517578125000000,4,-27
1,1_0,COMPLETED,BoTorch,-110005.320000000006984919309616088867,10,10.000000000000000000000000000000,1,-100
