trial_index,arm_name,trial_status,generation_method,generation_node,result,int_param,float_param,choice_param,int_param_two
0,0_0,COMPLETED,Sobol,GenerationStep_0,-43423.866870397003367543220520019531,5,-39.275215268135070800781250000000,2,-44
1,1_0,COMPLETED,BoTorch,GenerationStep_1,-221600.519999999989522621035575866699,-100,-100.000000000000000000000000000000,hallo,10
2,2_0,COMPLETED,BoTorch,GenerationStep_0,-240181.320000000006984919309616088867,-100,-100.000000000000000000000000000000,hallo,-39
3,3_0,COMPLETED,BoTorch,GenerationStep_0,-270043.032319662976078689098358154297,-100,-65.626137031316233105826540850103,hallo,-100
