{"RESULT1": {"RESULT2": {"param_dicts": [{"int_param": -34, "float_param": -41.453650444765366, "choice_param": "1", "int_param_two": -21}, {"int_param": -34, "float_param": -41.45679254262, "choice_param": "1", "int_param_two": -21}], "means": {"RESULT2": [2.6991562125185373, 2.699156212885714], "RESULT1": [1.1779545654661279, 1.1779545654805588]}, "sems": {"RESULT2": [0.008424972017777444, 0.008424563881963025], "RESULT1": [0.0003311173777838155, 0.0003311013372723022]}, "absolute_metrics": ["RESULT1", "RESULT2"]}}}