trial_index,arm_name,trial_status,generation_method,generation_node,RESULT,int_param,float_param,choice_param,int_param_two
0,0_0,COMPLETED,Sobol,GenerationStep_0,-73720.462468247395008802413940429688,-74,-7.134011983871459960937500000000,8,-26
1,1_0,COMPLETED,BoTorch,GenerationStep_1,-207896.168983504001516848802566528320,3,-96.230059262802001285308506339788,1,-98
