trial_index,arm_name,trial_status,generation_method,generation_node,RESULT,x,y
0,0_0,COMPLETED,Sobol,GenerationStep_0,752532791849.647705078125000000000000000000,75253279,1849.647699927262692654039710760117
1,1_0,COMPLETED,BoTorch,GenerationStep_1,28174465431.000000000000000000000000000000,2817446,5430.999999999997271515894681215286
