trial_index,arm_name,trial_status,generation_method,generation_node,RESULT,int_param,float_param,choice_param,int_param_two
0,0_0,COMPLETED,Sobol,GenerationStep_0,-25424.181682980601181043311953544617,-28,-9.176253676414489746093750000000,hallo,-30
1,1_0,COMPLETED,BoTorch,GenerationStep_1,-296353.750124452984891831874847412109,-99,-83.583536915418235935248958412558,1,-100
2,2_0,COMPLETED,BoTorch,GenerationStep_0,-255282.119999999995343387126922607422,-100,-100.000000000000000000000000000000,1,-54
3,3_0,COMPLETED,BoTorch,GenerationStep_0,-226903.001077263004845008254051208496,-100,-21.320488364129065672614160575904,1,-100
4,4_0,COMPLETED,BoTorch,GenerationStep_0,-526919.742266488960012793540954589844,-95,-173.102336387395268957334337756038,1,-100
5,5_0,COMPLETED,BoTorch,GenerationStep_0,-798830.124654690967872738838195800781,-94,-238.126881412708172547354479320347,1,-100
