trial_index,arm_name,trial_status,generation_method,generation_node,RESULT,int_param,float_param,choice_param,int_param_two
0,0_0,COMPLETED,Sobol,GenerationStep_0,-25424.181682980601181043311953544617,-28,-9.176253676414489746093750000000,hallo,-30
1,1_0,COMPLETED,BoTorch,GenerationStep_1,-296353.750124452984891831874847412109,-99,-83.583536915418235935248958412558,1,-100
