start_time,end_time,rn_timeprogram_string,programresult,exit_code,signal,hostname
1718172972.00000000000000000000,1718172972.00000000000000000000,0.00000000000000000000,./.tests/test_wronggoing_stuff.bin/bin/simple_ok,simple_ok,4319.00000000000000000000,0.00000000000000000000,None,thinkpad44020211128
1718172973.00000000000000000000,1718172973.000000
