trial_index,arm_name,trial_status,generation_method,generation_node,RESULT1,RESULT2,int_param,float_param,choice_param,int_param_two
0,0_0,COMPLETED,Sobol,GenerationStep_0,1.952096232985240042978603014490,2.460585739554030038078735742602,-2,-14.473540782928466796875000000000,2,-71
1,1_0,COMPLETED,SAASBO,GenerationStep_1,1.035863609825359965554980590241,2.863206286073789907931086418102,-100,-100.000000000000000000000000000000,hallo,10
