start_time,end_time,run_time,program_string,x,y,RESULT,exit_code,signal,hostname
1740990444,1740990444,0,"echo ""RESULT: 20421.22986912727356""",20,421.22986912727356,20421.229869127274,0,None,arbeitsrechner
1740990454,1740990454,0,"echo ""RESULT: 62615.2483653277159""",62,615.2483653277159,62615.248365327716,0,None,arbeitsrechner
1740990474,1740990474,0,"echo ""RESULT: 2325.4492649616283""",2,325.4492649616283,2325.449264961628,0,None,arbeitsrechner
1740990491,1740990491,0,"echo ""RESULT: 023.944271847648615""",0,23.944271847648615,23.944271847648615,0,None,arbeitsrechner
