trial_index,arm_name,trial_status,generation_method,generation_node,RESULT1,RESULT2,int_param,float_param,choice_param,int_param_two
0,0_0,COMPLETED,Sobol,GenerationStep_0,1.533819594726999913092413407867,2.053081875291780100667438091477,-96,-5.000654458999633789062500000000,hallo,-50
1,1_0,COMPLETED,BO_MIXED,GenerationStep_1,1.052174596422450036925511085428,2.700329622809900076418898606789,10,-100.000000000000000000000000000000,1,10
