start_time,end_time,run_time,program_string,res,RESULT,exit_code,signal,hostname
1740992951,1740992951,0,"echo ""RESULT: 2031.4396917819977""",2031.4396917819977,2031.4396917819977,0,None,arbeitsrechner
1740992957,1740992963,6,"echo ""RESULT: 6307.666869834065""",6307.666869834065,6307.666869834065,0,None,arbeitsrechner
1740992973,1740992973,0,"echo ""RESULT: 7977.042341090905""",7977.042341090905,7977.042341090905,0,None,arbeitsrechner
1740992984,1740992984,0,"echo ""RESULT: 10000""",10000,10000,0,None,arbeitsrechner
1740992995,1740992995,0,"echo ""RESULT: 10000""",10000,10000,0,None,arbeitsrechner
