trial_index,arm_name,trial_status,generation_method,generation_node,result,int_param,float_param,choice_param,int_param_two
0,0_0,COMPLETED,Sobol,GenerationStep_0,-63811.385999302401614841073751449585,-52,-9.297083616256713867187500000000,hallo,-49
1,1_0,COMPLETED,BoTorch,GenerationStep_1,-113286.119999999995343387126922607422,-4,-100.000000000000000000000000000000,1,-9
