trial_index,arm_name,trial_status,generation_method,generation_node,result,int_param,float_param,choice_param,int_param_two
0,0_0,COMPLETED,Sobol,GenerationStep_0,-46644.468062372397980652749538421631,-28,-51.618325710296630859375000000000,hallo,-13
1,1_0,COMPLETED,BoTorch,GenerationStep_1,-213576.524628751998534426093101501465,-95,-14.649948164695656416256497323047,1,-100
