trial_index,arm_name,trial_status,generation_method,result,int_param,float_param,choice_param,int_param_two
0,0_0,COMPLETED,Sobol,-127889.702487931994255632162094116211,-46,-41.003459095954895019531250000000,hallo,-85
1,1_0,COMPLETED,BoTorch,-111193.320000000006984919309616088867,10,-100.000000000000000000000000000000,1,10
