trial_index,arm_name,trial_status,generation_method,result,int_param,float_param,choice_param,int_param_two
0,0_0,COMPLETED,Sobol,-88033.988482537693926133215427398682,-71,-45.745904743671417236328125000000,hallo,-15
1,1_0,COMPLETED,BoTorch,-110005.320000000006984919309616088867,10,10.000000000000000000000000000000,1,-100
2,2_0,COMPLETED,BoTorch,-127997.373140675001195631921291351318,10,-37.710716618519889209437678800896,1,-100
3,3_0,COMPLETED,BoTorch,-169494.965143962996080517768859863281,10,-72.291425878917891623132163658738,1,-100
