trial_index,arm_name,trial_status,generation_method,result,int_param,float_param,choice_param,int_param_two
0,0_0,COMPLETED,Sobol,-228262.403064806014299392700195312500,-100,-88.705006837844848632812500000000,2,-50
1,1_0,COMPLETED,BoTorch,-1380.519999999999981810105964541435,10,10.000000000000000000000000000000,hallo,10
2,2_0,COMPLETED,BoTorch,-317302.919999999983701854944229125977,-100,-100.000000000000000000000000000000,16,-93
3,3_0,COMPLETED,BoTorch,-279209.320000000006984919309616088867,-72,-100.000000000000000000000000000000,1,-100
