trial_index,arm_name,trial_status,generation_method,generation_node,RESULT1,RESULT2,int_param,float_param,choice_param,int_param_two
0,0_0,COMPLETED,Sobol,GenerationStep_0,1.130108451311570005870521526958,2.611027903945310146838210130227,-47,-84.968993812799453735351562500000,2,6
1,1_0,COMPLETED,Legacy_GPEI,GenerationStep_1,1.552708430056559896215162552835,2.992033466787209938786418206291,10,10.000000000000000000000000000000,hallo,-100
