trial_index,arm_name,trial_status,generation_method,generation_node,result,int_param,float_param,choice_param,int_param_two
0,0_0,COMPLETED,Sobol,GenerationStep_0,-140984.225942362012574449181556701660,-13,-81.014944016933441162109375000000,hallo,-75
1,1_0,COMPLETED,BoTorch,GenerationStep_1,-109321.321381874993676319718360900879,-99,5.200345170877672451581474888371,1,-3
