trial_index,arm_name,trial_status,generation_method,result,res
0,0_0,COMPLETED,Sobol,5481.485724449157714843750000000000,5481.485724449157714843750000000000
1,1_0,COMPLETED,Sobol,2038.369867950677871704101562500000,2038.369867950677871704101562500000
2,2_0,COMPLETED,BoTorch,9530.734106557241830159910023212433,9530.734106557241830159910023212433
3,3_0,COMPLETED,BoTorch,10000.000000000000000000000000000000,10000.000000000000000000000000000000
