trial_index,arm_name,trial_status,generation_method,generation_node,result,int_param,float_param,choice_param,int_param_two
0,0_0,COMPLETED,Sobol,GenerationStep_0,-151432.989199811010621488094329833984,-6,-70.338747799396514892578125000000,1,-92
1,1_0,COMPLETED,BoTorch,GenerationStep_1,-97052.830387010195408947765827178955,-92,-9.093652425862574162351847917307,hallo,0
