start_time,end_time,run_time,program_string,res,RESULT,exit_code,signal,hostname
1740987347,1740987347,0,"echo ""RESULT: 2031.4396917819977""",2031.4396917819977,2031.4396917819977,0,None,arbeitsrechner
1740987355,1740987355,0,"echo ""RESULT: 6307.666869834065""",6307.666869834065,6307.666869834065,0,None,arbeitsrechner
1740987363,1740987363,0,"echo ""RESULT: 7973.368509818357""",7973.368509818357,7973.368509818357,0,None,arbeitsrechner
1740987370,1740987370,0,"echo ""RESULT: 10000""",10000,10000,0,None,arbeitsrechner
1740987377,1740987377,0,"echo ""RESULT: 10000""",10000,10000,0,None,arbeitsrechner
