trial_index,arm_name,trial_status,generation_method,generation_node,result,int_param,float_param,choice_param,int_param_two
0,0_0,COMPLETED,Sobol,GenerationStep_0,-21962.469435713301209034398198127747,-38,-12.287999987602233886718750000000,2,2
1,1_0,COMPLETED,BoTorch,GenerationStep_1,-322809.557001002016477286815643310547,-100,-96.314874031902064643873018212616,hallo,-100
