trial_index,arm_name,trial_status,generation_method,result,int_param,float_param,choice_param,int_param_two
0,0_0,COMPLETED,Sobol,-31464.229390924301696941256523132324,8,9.691581726074218750000000000000,8,-51
1,1_0,COMPLETED,BoTorch,-221413.320000000006984919309616088867,-100,-100.000000000000000000000000000000,1,10
2,2_0,COMPLETED,BoTorch,-239994.119999999995343387126922607422,-100,-100.000000000000000000000000000000,1,-39
3,3_0,COMPLETED,BoTorch,-330166.119999999995343387126922607422,-100,-100.000000000000000000000000000000,2,-100
