trial_index,arm_name,trial_status,generation_method,generation_node,result,int_param,float_param,choice_param,int_param_two
0,0_0,COMPLETED,Sobol,GenerationStep_0,-133106.862988034990848973393440246582,-51,-76.859601140022277832031250000000,16,-53
1,1_0,COMPLETED,BoTorch,GenerationStep_1,-2626.119999999999890860635787248611,10,10.000000000000000000000000000000,hallo,-8
