trial_index,arm_name,trial_status,generation_method,result,int_param,float_param,choice_param,int_param_two
0,0_0,COMPLETED,Sobol,-257511.632219321996672078967094421387,-93,-73.708774745464324951171875000000,8,-95
1,1_0,COMPLETED,BoTorch,-1193.319999999999936335370875895023,10,10.000000000000000000000000000000,1,10
2,2_0,COMPLETED,BoTorch,-330166.119999999995343387126922607422,-100,-100.000000000000000000000000000000,2,-100
3,3_0,COMPLETED,BoTorch,-281106.919999999983701854944229125977,-100,-100.000000000000000000000000000000,1,-73
