trial_index,arm_name,trial_status,generation_method,generation_node,result,int_param,float_param,choice_param,int_param_two
0,0_0,COMPLETED,Sobol,GenerationStep_0,-138794.564531742013059556484222412109,-83,-71.988339722156524658203125000000,16,-1
1,1_0,COMPLETED,BoTorch,GenerationStep_1,-66947.589610074806842021644115447998,5,5.816676807235816148988760687644,hallo,-77
2,2_0,COMPLETED,BoTorch,GenerationStep_0,-232450.483555607002926990389823913574,-100,-99.746915732926154873894120100886,1,-30
3,3_0,COMPLETED,BoTorch,GenerationStep_0,-260118.920000000012805685400962829590,-100,-100.000000000000000000000000000000,1,-58
