trial_index,arm_name,trial_status,generation_method,generation_node,RESULT1,RESULT2,int_param,float_param,choice_param,int_param_two
0,0_0,COMPLETED,Sobol,GenerationStep_0,1.089658531201169955338059480709,2.576852620669769944328209021478,-88,-17.666260004043579101562500000000,hallo,-19
1,1_0,COMPLETED,Sobol,GenerationStep_1,1.656281486692940063676360296085,2.468308206505270163688692264259,-57,-8.629689812660217285156250000000,16,1
