start_time,end_time,run_time,program_string,x,y,RESULT,exit_code,signal,hostname
1740986000,1740986001,1,"echo ""RESULT: 20421.22986912727356""",20,421.22986912727356,20421.229869127274,0,None,arbeitsrechner
1740986006,1740986006,0,"echo ""RESULT: 62615.2483653277159""",62,615.2483653277159,62615.248365327716,0,None,arbeitsrechner
1740986021,1740986027,6,"echo ""RESULT: 1392.4711223345072""",1,392.4711223345072,1392.4711223345073,0,None,arbeitsrechner
1740986042,1740986042,0,"echo ""RESULT: 052.51941122479784""",0,52.51941122479784,52.51941122479784,0,None,arbeitsrechner
