trial_index,arm_name,trial_status,generation_method,generation_node,RESULT,x,y
0,0_0,COMPLETED,Sobol,GenerationStep_0,20421.229869127273559570312500000000,20,421.229869127273559570312500000000
1,1_0,COMPLETED,Sobol,GenerationStep_0,62615.248365327715873718261718750000,62,615.248365327715873718261718750000
2,2_0,COMPLETED,BoTorch,GenerationStep_1,1392.471122334507299456163309514523,1,392.471122334507185769325587898493
3,3_0,COMPLETED,BoTorch,GenerationStep_1,52.519411224797842407951975474134,0,52.519411224797842407951975474134
