trial_index,arm_name,trial_status,generation_method,generation_node,RESULT,int_param,float_param
0,0_0,COMPLETED,Sobol,GenerationStep_0,-28872.119999999998981365934014320374,-48,-62.306038439273834228515625000000
1,1_0,COMPLETED,BoTorch,GenerationStep_1,-916.120000000000004547473508864641,10,10.000000000000000000000000000000
