{"RESULT1": {"RESULT2": {"param_dicts": [{"int_param": 10, "float_param": -100.0, "choice_param": "1", "int_param_two": -100}, {"int_param": -70, "float_param": -9.852945791202433, "choice_param": "hallo", "int_param_two": 7}], "means": {"RESULT1": [1.1422837513670518, 1.7685000726383024], "RESULT2": [2.7334540613747293, 2.023627572761686]}, "sems": {"RESULT1": [0.036408059520760615, 0.03640814106966193], "RESULT2": [0.04126913363480015, 0.041269226071819605]}, "absolute_metrics": ["RESULT1", "RESULT2"]}}}