start_time,end_time,run_time,program_string,x,y,RESULT,exit_code,signal,hostname
1740992592,1740992592,0,"echo ""RESULT: 752532791849.6476999272627""",75253279,1849.6476999272627,752532791849.6477,0,None,arbeitsrechner
1740992629,1740992629,0,"echo ""RESULT: 28174465430.999999999997""",2817446,5430.999999999997,28174465431,0,None,arbeitsrechner
