trial_index,arm_name,trial_status,generation_method,generation_node,result,int_param,float_param,choice_param,int_param_two
0,0_0,COMPLETED,Sobol,GenerationStep_0,-163592.362932468007784336805343627930,-84,-59.861269593238830566406250000000,hallo,-60
1,1_0,COMPLETED,BoTorch,GenerationStep_1,-617.278634983900019506108947098255,2,4.281763619420339672672071174020,1,1
2,2_0,COMPLETED,BoTorch,GenerationStep_0,-300386.254905804991722106933593750000,-100,-93.131205488267056580298230983317,hallo,-92
3,3_0,COMPLETED,BoTorch,GenerationStep_0,-330107.719999999972060322761535644531,-100,-100.000000000000000000000000000000,4,-100
