trial_index,arm_name,trial_status,generation_method,result,int_param,float_param,choice_param,int_param_two
0,0_0,COMPLETED,Sobol,-27447.254667694800446042791008949280,3,-42.392757534980773925781250000000,2,-17
1,1_0,COMPLETED,BoTorch,-330412.520000000018626451492309570312,-100,-100.000000000000000000000000000000,hallo,-100
